,mean,sd,hpd_3%,hpd_97%,mcse_mean,mcse_sd,ess_mean,ess_sd,ess_bulk,ess_tail,r_hat
alpha[0],1.593,0.256,1.131,2.093,0.002,0.001,19740,19740,19731,19904,
alpha[1],2.649,0.336,2.004,3.257,0.002,0.002,20093,20093,20097,19564,
alpha[2],3.053,0.354,2.383,3.707,0.003,0.002,20011,20011,20007,19836,
alpha[3],1.959,0.227,1.534,2.385,0.002,0.001,19039,18998,19040,18288,
alpha[4],1.738,0.195,1.384,2.113,0.001,0.001,19642,19631,19646,19355,
alpha[5],1.546,0.261,1.06,2.04,0.002,0.001,19845,19820,19844,19713,
alpha[6],1.589,0.226,1.169,2.018,0.002,0.001,19692,19622,19698,19846,
alpha[7],1.746,0.215,1.337,2.144,0.002,0.001,19799,19621,19827,19273,
alpha[8],1.255,0.185,0.906,1.603,0.001,0.001,19739,19739,19745,19429,
alpha[9],1.286,0.199,0.915,1.658,0.001,0.001,19208,19208,19223,19042,
alpha[10],1.408,0.188,1.057,1.765,0.001,0.001,19625,19625,19626,19399,
alpha[11],1.959,0.244,1.497,2.421,0.002,0.001,19900,19900,19896,20216,
alpha[12],2.151,0.237,1.703,2.587,0.002,0.001,19463,19463,19479,20347,
alpha[13],1.756,0.206,1.381,2.152,0.001,0.001,19101,19101,19095,19136,
alpha[14],0.985,0.219,0.571,1.387,0.002,0.001,20295,20295,20296,20089,
alpha[15],1.557,0.233,1.104,1.983,0.002,0.001,19450,19421,19457,19632,
alpha[16],1.244,0.23,0.815,1.676,0.002,0.001,20246,20178,20236,19346,
alpha[17],1.675,0.245,1.21,2.13,0.002,0.001,20024,20024,20023,19918,
alpha[18],1.323,0.265,0.829,1.823,0.002,0.001,19887,19887,19885,19763,
alpha[19],1.826,0.258,1.34,2.314,0.002,0.001,20026,19972,20021,19214,
alpha[20],1.431,0.354,0.766,2.09,0.003,0.002,19558,19558,19556,19632,
alpha[21],2.571,0.301,2.018,3.144,0.002,0.002,19891,19826,19885,18654,
alpha[22],1.78,0.271,1.272,2.283,0.002,0.001,19652,19652,19654,19628,
alpha[23],1.074,0.207,0.672,1.454,0.001,0.001,20278,20278,20245,19571,
alpha[24],1.628,0.242,1.17,2.077,0.002,0.001,19983,19970,19984,19522,
alpha[25],2.232,0.315,1.652,2.837,0.002,0.002,18892,18879,18886,19407,
alpha[26],1.175,0.264,0.684,1.674,0.002,0.001,19908,19816,19857,19246,
alpha[27],1.177,0.269,0.666,1.686,0.002,0.001,19481,19348,19470,19302,
alpha[28],1.51,0.248,1.051,1.983,0.002,0.001,19483,19426,19483,19661,
alpha[29],1.236,0.266,0.746,1.748,0.002,0.001,19495,19495,19491,18766,
alpha[30],0.865,0.255,0.383,1.339,0.002,0.001,20519,20430,20519,20335,
alpha[31],3.142,0.415,2.359,3.92,0.003,0.002,20055,20055,20053,19672,
alpha[32],2.492,0.334,1.857,3.106,0.002,0.002,19962,19962,19964,19514,
alpha[33],1.819,0.271,1.301,2.313,0.002,0.001,19857,19826,19857,19385,
alpha[34],1.892,0.288,1.342,2.418,0.002,0.001,19629,19629,19631,19599,
alpha[35],1.945,0.244,1.469,2.382,0.002,0.001,20086,20070,20085,19836,
alpha[36],1.571,0.25,1.104,2.041,0.002,0.001,20036,20036,20035,20043,
alpha[37],1.765,0.258,1.292,2.262,0.002,0.001,20407,20403,20407,19394,
alpha[38],1.771,0.259,1.271,2.242,0.002,0.001,17855,17790,17853,19753,
alpha[39],1.817,0.271,1.316,2.338,0.002,0.001,18860,18837,18861,20024,
Beta1[0],0.016,1.069,-2.001,1.991,0.008,0.005,20064,19280,20068,19047,
Beta1[1],-0.016,1.073,-2.092,1.95,0.008,0.006,18997,18997,18997,19672,
Beta1[2],0.025,1.082,-2.007,2.052,0.008,0.005,19532,19532,19528,18583,
Beta1[3],0.062,0.51,-0.877,1.029,0.004,0.003,20259,19826,20264,19225,
Beta1[4],-0.588,0.484,-1.496,0.307,0.003,0.002,19672,19062,19676,19164,
Beta1[5],0.013,1.064,-1.968,2.023,0.008,0.005,19923,19923,19926,19187,
Beta1[6],0.01,1.089,-2.008,2.086,0.008,0.006,19864,19369,19861,19547,
Beta1[7],-0.362,0.612,-1.472,0.837,0.004,0.003,19925,19893,19932,19330,
Beta1[8],-0.484,0.327,-1.088,0.138,0.002,0.002,20714,20658,20717,20174,
Beta1[9],-0.953,0.348,-1.617,-0.31,0.003,0.002,18966,18966,18969,19327,
Beta1[10],-0.5,0.283,-1.021,0.04,0.002,0.001,20009,19715,20002,19750,
Beta1[11],-0.777,0.318,-1.399,-0.208,0.002,0.002,20577,20432,20567,19937,
Beta1[12],-0.505,0.312,-1.107,0.066,0.002,0.002,20337,20337,20339,19399,
Beta1[13],-0.863,0.276,-1.369,-0.33,0.002,0.001,19435,19435,19432,19530,
Beta1[14],-0.553,0.309,-1.139,0.024,0.002,0.002,19477,19367,19466,18917,
Beta1[15],-0.555,0.344,-1.209,0.082,0.002,0.002,19249,18993,19248,19638,
Beta1[16],-0.651,0.29,-1.188,-0.098,0.002,0.001,19920,19920,19921,19854,
Beta1[17],-0.736,0.302,-1.302,-0.169,0.002,0.001,20501,20411,20510,19750,
Beta1[18],-0.675,0.33,-1.294,-0.06,0.002,0.002,19212,19212,19308,19478,
Beta1[19],-0.7,0.351,-1.367,-0.052,0.002,0.002,20279,20135,20281,19879,
Beta1[20],-0.376,0.441,-1.232,0.431,0.003,0.002,20417,20048,20417,19690,
Beta1[21],1.123,0.772,-0.291,2.608,0.005,0.004,20188,20171,20193,19843,
Beta1[22],-1.019,0.448,-1.835,-0.148,0.003,0.002,19839,19805,19841,19468,
Beta1[23],-0.915,0.416,-1.69,-0.128,0.003,0.002,19841,19825,19842,19637,
Beta1[24],-1.23,0.346,-1.876,-0.567,0.002,0.002,19537,19350,19536,19234,
Beta1[25],-0.276,0.727,-1.609,1.126,0.005,0.004,19673,19673,19669,20125,
Beta1[26],-0.318,0.507,-1.267,0.639,0.004,0.003,18652,18652,18669,20045,
Beta1[27],0.259,0.542,-0.727,1.314,0.004,0.003,19916,19492,19924,19635,
Beta1[28],-0.83,0.479,-1.743,0.051,0.003,0.002,20156,20156,20156,19963,
Beta1[29],-0.009,1.065,-1.988,2.01,0.008,0.005,19327,19327,19315,19968,
Beta1[30],-0.574,0.592,-1.695,0.508,0.004,0.003,20042,19655,20044,19577,
Beta1[31],0.49,0.914,-1.183,2.227,0.007,0.005,19673,19673,19675,19906,
Beta1[32],0.008,1.07,-2.033,1.997,0.008,0.005,20126,19921,20126,19957,
Beta1[33],0.032,1.067,-1.944,2.045,0.007,0.005,20387,20284,20393,20208,
Beta1[34],-0.004,1.086,-1.975,2.092,0.008,0.005,20230,19712,20243,19449,
Beta1[35],-0.223,0.71,-1.593,1.083,0.005,0.004,20861,20045,20855,19494,
Beta1[36],-0.004,1.098,-2.088,2.047,0.008,0.005,20347,19947,20347,19473,
Beta1[37],0.04,1.083,-2.024,2.051,0.008,0.006,18459,18459,18480,18721,
Beta1[38],0.006,1.077,-2.032,1.993,0.008,0.005,19786,19786,19782,19660,
Beta1[39],0.022,1.089,-1.974,2.116,0.008,0.005,20057,19959,20060,19701,
Beta2[0],0.012,1.077,-1.975,2.074,0.008,0.005,20101,19640,20096,18563,
Beta2[1],0,1.079,-2.035,2.014,0.008,0.005,19717,19717,19730,19633,
Beta2[2],0.013,1.081,-1.996,2.087,0.008,0.005,19739,19739,19742,19512,
Beta2[3],-0.006,1.083,-2.037,2.032,0.008,0.006,19213,19213,19219,19750,
Beta2[4],-0.034,1.09,-2.104,2.01,0.008,0.005,19814,19814,19826,19514,
Beta2[5],-0.001,1.077,-1.965,2.062,0.008,0.005,19438,19438,19439,19479,
Beta2[6],0.002,1.091,-2.09,1.995,0.008,0.006,19612,19612,19607,19749,
Beta2[7],-0.013,1.077,-2.043,2.002,0.008,0.006,19930,18913,19929,19049,
Beta2[8],0.73,0.644,-0.436,1.997,0.005,0.003,19747,19747,19743,19461,
Beta2[9],-0.002,1.071,-1.993,2.008,0.008,0.005,20191,19890,20193,19717,
Beta2[10],-0.002,1.07,-2.002,2.021,0.008,0.005,19948,19867,19950,19866,
Beta2[11],0.011,1.073,-2.002,2.048,0.008,0.005,19851,19851,19850,18546,
Beta2[12],-0.007,1.073,-1.982,2.064,0.008,0.005,19948,19948,19946,19939,
Beta2[13],0.011,1.078,-1.994,2.063,0.008,0.005,19463,19463,19452,20131,
Beta2[14],0.001,1.092,-2.046,2.034,0.008,0.005,20310,19919,20300,19875,
Beta2[15],-0.004,1.065,-2.036,1.959,0.008,0.005,20038,20023,20039,19359,
Beta2[16],-0.013,1.083,-2.019,2.063,0.008,0.005,20636,19954,20635,19629,
Beta2[17],0.026,1.096,-2.044,2.081,0.008,0.006,20015,19614,20012,19194,
Beta2[18],0.011,1.073,-2.062,1.985,0.008,0.005,20010,19784,20011,19634,
Beta2[19],-0.011,1.077,-2.034,1.996,0.008,0.005,19953,19877,19957,20054,
Beta2[20],-0.012,1.072,-2.024,2.024,0.008,0.005,19434,19051,19433,18890,
Beta2[21],-0.027,1.082,-2.071,1.994,0.008,0.005,20232,20232,20231,19672,
Beta2[22],0.014,1.09,-2.055,2.037,0.008,0.006,18861,18861,18845,19759,
Beta2[23],0.031,1.067,-1.931,2.059,0.008,0.005,19146,19146,19144,19007,
Beta2[24],0.01,1.064,-1.994,2.008,0.008,0.005,18884,18884,18882,18603,
Beta2[25],0.01,1.079,-2.042,2.012,0.008,0.005,20176,20157,20178,19229,
Beta2[26],0.022,1.084,-2.033,2.018,0.008,0.006,19913,19254,19916,19470,
Beta2[27],-0.002,1.069,-2.027,1.983,0.008,0.005,18998,18998,19000,19756,
Beta2[28],-0.008,1.072,-2.019,2.018,0.008,0.006,18459,18459,18444,19670,
Beta2[29],0.016,1.056,-2.037,1.929,0.007,0.005,20081,19975,20075,20333,
Beta2[30],-0.002,1.076,-1.991,2.058,0.008,0.005,19813,19469,19825,19067,
Beta2[31],0.009,1.067,-1.981,2.035,0.007,0.005,20514,19186,20509,19872,
Beta2[32],0.015,1.064,-2.008,1.969,0.008,0.005,20134,19757,20131,18707,
Beta2[33],0.008,1.092,-2.183,1.929,0.008,0.005,19906,19906,19904,19751,
Beta2[34],0.026,1.086,-2.002,2.068,0.008,0.006,18334,18334,18334,19632,
Beta2[35],-0.016,1.077,-1.968,2.103,0.008,0.005,20227,19704,20227,19873,
Beta2[36],0.015,1.077,-1.916,2.13,0.008,0.005,19883,19705,19889,19078,
Beta2[37],0.018,1.071,-1.956,2.047,0.008,0.005,19279,19279,19287,19390,
Beta2[38],0.014,1.081,-2.065,1.996,0.008,0.005,19813,19707,19812,19709,
Beta2[39],-0.025,1.08,-2.047,1.991,0.008,0.005,20255,19897,20219,19345,
Beta3[0],0,1.097,-2.066,2.047,0.008,0.006,19019,19019,19025,19719,
Beta3[1],0.394,0.948,-1.408,2.161,0.007,0.005,19679,19679,19678,19138,
Beta3[2],0.02,1.095,-2.044,2.04,0.008,0.005,19960,19960,19969,19409,
Beta3[3],0.013,1.072,-2.035,2.002,0.008,0.005,19829,19829,19831,19566,
Beta3[4],0.291,0.641,-0.99,1.434,0.005,0.003,20091,19503,20092,20007,
Beta3[5],-1.009,0.627,-2.131,0.235,0.004,0.003,19645,19645,19645,18450,
Beta3[6],0.005,1.081,-1.983,2.053,0.008,0.005,19759,19759,19764,19625,
Beta3[7],-0.029,1.072,-2.057,1.974,0.008,0.006,18569,18569,18559,19265,
Beta3[8],0.005,1.097,-2.024,2.064,0.008,0.006,20099,18967,20095,19580,
Beta3[9],-0.016,1.093,-1.982,2.121,0.008,0.005,19759,19759,19760,19597,
Beta3[10],-0.485,0.552,-1.54,0.528,0.004,0.003,19993,19422,19990,19193,
Beta3[11],-0.002,1.076,-2.054,1.964,0.008,0.005,19786,19387,19785,18693,
Beta3[12],0.003,1.089,-1.98,2.102,0.008,0.006,19387,19387,19386,19399,
Beta3[13],0.023,1.101,-2.061,2.058,0.008,0.006,20252,19775,20246,18320,
Beta3[14],0.007,1.085,-2.024,2.035,0.008,0.006,19190,19190,19192,19287,
Beta3[15],0.013,1.08,-1.958,2.099,0.008,0.005,19836,19742,19833,18329,
Beta3[16],0.005,1.082,-1.962,2.086,0.008,0.005,20082,20082,20080,19516,
Beta3[17],-0.017,1.098,-2.138,1.999,0.008,0.006,19650,19650,19641,19683,
Beta3[18],-0.019,1.075,-2.051,1.993,0.008,0.005,19477,19477,19428,19675,
Beta3[19],0.03,1.101,-2.015,2.089,0.008,0.006,19439,19439,19444,19200,
Beta3[20],0.01,1.104,-2.016,2.13,0.008,0.006,19868,19868,19870,19632,
Beta3[21],-0.379,0.626,-1.523,0.821,0.004,0.003,19602,19602,19608,19584,
Beta3[22],-0.001,1.096,-2.095,2.028,0.008,0.005,20252,20252,20252,20454,
Beta3[23],-0.038,0.635,-1.211,1.171,0.005,0.003,19657,19657,19633,19885,
Beta3[24],-0.002,1.087,-2.036,2.036,0.008,0.006,19153,19153,19152,19754,
Beta3[25],-0.004,1.081,-2.048,2.014,0.008,0.005,19903,19903,19896,19003,
Beta3[26],-0.122,0.695,-1.433,1.186,0.005,0.003,19732,19732,19731,19311,
Beta3[27],-0.002,1.066,-1.972,1.991,0.008,0.005,19612,19254,19618,19131,
Beta3[28],-0.006,1.059,-2.06,1.942,0.008,0.005,19763,19763,19766,19180,
Beta3[29],-0.002,1.068,-2.022,1.978,0.008,0.005,19978,19978,19977,19127,
Beta3[30],-0.005,1.064,-2.014,1.998,0.008,0.005,19680,19680,19681,19550,
Beta3[31],-0.024,1.077,-2.059,1.946,0.008,0.005,19499,19266,19516,19994,
Beta3[32],0.078,0.791,-1.369,1.613,0.006,0.004,20100,20100,20103,20046,
Beta3[33],-0.002,1.064,-2.009,2.001,0.008,0.005,19545,19545,19550,19383,
Beta3[34],-0.363,0.725,-1.733,0.98,0.005,0.004,19809,19809,19810,19433,
Beta3[35],-1.033,0.706,-2.341,0.306,0.005,0.004,20184,19829,20183,18779,
Beta3[36],0.015,1.077,-1.96,2.095,0.008,0.005,20126,19701,20128,19971,
Beta3[37],0.013,1.102,-2.045,2.07,0.008,0.006,19661,19661,19664,20087,
Beta3[38],0.008,1.093,-2.007,2.114,0.008,0.006,18533,18533,18525,19600,
Beta3[39],-0.016,1.083,-1.97,2.086,0.008,0.005,19950,19950,19958,19671,
Beta4[0],-0.406,0.794,-1.945,1.048,0.006,0.004,19616,19524,19621,19919,
Beta4[1],-0.982,0.62,-2.181,0.146,0.004,0.003,20281,19913,20281,19264,
Beta4[2],-1.268,0.528,-2.253,-0.272,0.004,0.003,19643,19643,19645,20000,
Beta4[3],-1.007,0.358,-1.686,-0.346,0.003,0.002,20132,20132,20139,20002,
Beta4[4],-0.123,0.457,-0.995,0.724,0.003,0.002,20199,19640,20206,18971,
Beta4[5],-0.402,0.777,-1.844,1.091,0.005,0.004,20103,19416,20103,20046,
Beta4[6],-1.037,0.535,-2.025,-0.023,0.004,0.003,19812,19812,19813,19755,
Beta4[7],-0.419,0.794,-1.928,1.045,0.006,0.004,19832,19832,19832,19837,
Beta4[8],-0.773,0.424,-1.559,0.039,0.003,0.002,20052,20052,20051,19576,
Beta4[9],-0.59,0.432,-1.39,0.23,0.003,0.002,19818,19818,19816,19837,
Beta4[10],-0.665,0.345,-1.295,0.002,0.002,0.002,20266,20266,20272,19851,
Beta4[11],-0.499,0.282,-1.011,0.047,0.002,0.001,20186,20060,20193,20418,
Beta4[12],-0.643,0.285,-1.187,-0.121,0.002,0.001,19992,19992,19999,19067,
Beta4[13],-0.925,0.241,-1.361,-0.458,0.002,0.001,19505,19446,19502,19673,
Beta4[14],-0.587,0.307,-1.178,-0.024,0.002,0.002,18831,18819,18836,19385,
Beta4[15],-0.516,0.289,-1.057,0.027,0.002,0.001,19102,19102,19117,18010,
Beta4[16],-0.665,0.292,-1.218,-0.12,0.002,0.001,20414,20311,20422,19558,
Beta4[17],-0.747,0.292,-1.277,-0.191,0.002,0.001,19235,19235,19231,19317,
Beta4[18],-0.694,0.322,-1.303,-0.099,0.002,0.002,19602,19602,19601,19714,
Beta4[19],-1.083,0.311,-1.655,-0.492,0.002,0.002,19968,19968,19961,20038,
Beta4[20],-0.503,0.419,-1.288,0.281,0.003,0.002,19758,19316,19762,19893,
Beta4[21],-0.449,0.491,-1.399,0.441,0.004,0.003,18717,18717,18714,18910,
Beta4[22],-0.79,0.506,-1.746,0.148,0.004,0.003,20070,19666,20067,19409,
Beta4[23],-0.281,0.56,-1.389,0.716,0.004,0.003,19429,19429,19451,19116,
Beta4[24],-0.019,0.527,-0.996,0.975,0.004,0.003,19550,19550,19548,20051,
Beta4[25],-0.387,0.797,-1.855,1.148,0.006,0.004,20254,19890,20256,20002,
Beta4[26],-0.385,0.8,-1.835,1.187,0.006,0.004,19871,19512,19870,19641,
Beta4[27],-0.382,0.789,-1.867,1.087,0.006,0.004,19601,19315,19619,19472,
Beta4[28],-0.487,0.573,-1.567,0.591,0.004,0.003,19084,19084,19075,19038,
Beta4[29],-0.388,0.808,-1.922,1.123,0.006,0.004,20184,20170,20185,19653,
Beta4[30],-0.354,0.537,-1.344,0.662,0.004,0.003,20304,20240,20275,19154,
Beta4[31],-0.376,0.803,-1.848,1.165,0.006,0.004,19713,19713,19710,19519,
Beta4[32],-0.372,0.797,-1.837,1.153,0.006,0.004,20302,19924,20305,19632,
Beta4[33],-0.402,0.808,-1.933,1.101,0.006,0.004,19451,18863,19454,19552,
Beta4[34],-0.402,0.801,-1.849,1.156,0.006,0.004,19989,19989,20002,19889,
Beta4[35],-0.385,0.807,-1.863,1.161,0.006,0.004,18561,18561,18570,19440,
Beta4[36],-0.39,0.805,-1.904,1.123,0.006,0.004,19758,19152,19754,19959,
Beta4[37],-0.391,0.796,-1.902,1.099,0.006,0.004,19115,18859,19116,19401,
Beta4[38],-0.369,0.797,-1.857,1.129,0.006,0.004,19608,19608,19612,19755,
Beta4[39],-0.417,0.799,-1.829,1.174,0.006,0.004,18787,18787,18780,19797,
Beta5[0],-0.026,1.085,-2.006,2.072,0.008,0.005,19561,19561,19559,19919,
Beta5[1],-0.012,1.082,-2.07,1.993,0.008,0.006,18978,18978,18988,19592,
Beta5[2],0.528,0.907,-1.164,2.243,0.006,0.005,19711,18158,19735,18317,
Beta5[3],0.002,1.084,-2.063,2.006,0.008,0.005,19896,19568,19892,19222,
Beta5[4],0.021,1.084,-2.071,1.99,0.008,0.006,19363,19363,19366,19753,
Beta5[5],-0.007,1.087,-2.067,2.026,0.008,0.006,20352,19462,20354,19417,
Beta5[6],-0.001,1.086,-2.006,2.067,0.008,0.006,19601,19345,19609,19800,
Beta5[7],-0.36,0.619,-1.525,0.792,0.004,0.003,19495,19393,19493,19144,
Beta5[8],0.054,0.49,-0.868,0.967,0.003,0.002,19702,19455,19702,19459,
Beta5[9],-0.224,0.604,-1.363,0.888,0.004,0.003,19881,19881,19884,20215,
Beta5[10],0.171,0.475,-0.723,1.064,0.003,0.002,20067,19724,20076,19712,
Beta5[11],0.033,1.065,-1.993,2.028,0.008,0.005,18785,18785,18789,19217,
Beta5[12],0.007,1.077,-2.066,1.978,0.008,0.005,20193,19708,20203,19551,
Beta5[13],-0.004,1.074,-2.029,1.987,0.008,0.006,18554,18554,18579,19918,
Beta5[14],0.006,1.08,-2.039,1.999,0.008,0.005,20082,19855,20083,19639,
Beta5[15],0.005,1.08,-1.997,2.052,0.008,0.005,20044,20012,20049,20044,
Beta5[16],0.019,1.081,-2.018,2.019,0.008,0.006,20133,19166,20120,19551,
Beta5[17],0.005,1.06,-1.981,1.999,0.008,0.005,19559,19343,19559,19962,
Beta5[18],-0.012,1.086,-2.021,2.05,0.008,0.005,20207,20207,20212,19654,
Beta5[19],0.016,1.071,-1.972,2.06,0.008,0.005,19626,19384,19628,19039,
Beta5[20],0.003,1.075,-2.07,1.973,0.008,0.005,20145,20078,20144,20131,
Beta5[21],-0.036,1.08,-2.026,2.027,0.008,0.006,19274,19274,19279,19125,
Beta5[22],-0.003,1.086,-2.027,2.047,0.008,0.006,18779,18779,18819,19212,
Beta5[23],-0.022,1.077,-2.047,1.988,0.008,0.005,19472,19472,19479,19481,
Beta5[24],-0.005,1.073,-1.889,2.152,0.008,0.005,19247,19247,19259,19641,
Beta5[25],-0.018,1.09,-2.1,2.026,0.008,0.005,19679,19679,19674,19429,
Beta5[26],0.01,1.078,-1.985,2.07,0.008,0.005,20304,19543,20301,19594,
Beta5[27],0.024,1.056,-1.944,2.027,0.008,0.005,19792,19792,19797,18557,
Beta5[28],0,1.081,-2.055,2.016,0.008,0.005,20239,20083,20247,20282,
Beta5[29],0.015,1.096,-1.987,2.149,0.008,0.005,20187,20187,20189,19047,
Beta5[30],0.005,1.076,-1.956,2.054,0.008,0.005,19959,19471,19956,19087,
Beta5[31],-0.015,1.077,-2.062,1.962,0.008,0.006,19572,18667,19562,19212,
Beta5[32],-0.018,1.099,-2.055,2.051,0.008,0.006,19416,19416,19412,18918,
Beta5[33],-0.001,1.072,-2.034,1.996,0.008,0.005,20088,20088,20082,19920,
Beta5[34],-0.014,1.07,-2.022,1.995,0.008,0.005,19824,19638,19832,18978,
Beta5[35],-0.009,1.102,-2.074,2.074,0.008,0.005,20639,20078,20645,20477,
Beta5[36],0.022,1.081,-2.039,2.031,0.008,0.005,19584,19364,19576,19673,
Beta5[37],-0.023,1.078,-2.049,1.979,0.008,0.005,19724,19287,19724,19302,
Beta5[38],0.012,1.076,-2.084,1.965,0.008,0.005,20297,20287,20299,20251,
Beta5[39],-0.019,1.052,-1.977,1.986,0.008,0.005,19482,19482,19481,19785,
Beta6[0],0.03,1.078,-1.944,2.071,0.008,0.005,19932,19877,19927,18908,
Beta6[1],-0.006,1.063,-2.026,1.975,0.007,0.005,20264,19816,20296,19721,
Beta6[2],0.024,1.085,-1.901,2.161,0.008,0.005,19557,19557,19555,19837,
Beta6[3],-0.004,1.08,-2.008,2.037,0.008,0.006,18853,18853,18846,19130,
Beta6[4],-1.026,0.614,-2.164,0.139,0.004,0.003,19228,19228,19233,19243,
Beta6[5],-0.018,1.078,-2.094,1.951,0.008,0.005,20125,19478,20131,19797,
Beta6[6],-0.03,1.084,-2.08,1.958,0.008,0.005,20760,20288,20762,20091,
Beta6[7],-0.119,0.696,-1.451,1.171,0.005,0.004,19454,19454,19444,19876,
Beta6[8],0.014,1.091,-2.093,1.983,0.008,0.005,19831,19698,19832,18831,
Beta6[9],-0.006,1.063,-2.01,1.961,0.007,0.005,20106,19829,20125,19938,
Beta6[10],-0.031,1.073,-2.049,1.983,0.008,0.005,19638,19544,19646,19039,
Beta6[11],0.014,1.085,-2.074,2.014,0.008,0.005,19983,19983,19981,19672,
Beta6[12],0.013,1.069,-1.967,2.019,0.008,0.005,19893,19252,19900,19477,
Beta6[13],-0.017,1.074,-2.075,1.953,0.008,0.005,19441,19441,19436,20046,
Beta6[14],-0.019,1.055,-2.063,1.892,0.008,0.005,19352,18872,19347,19375,
Beta6[15],-0.02,1.07,-1.992,2.032,0.007,0.005,20462,19977,20466,20002,
Beta6[16],0.006,1.063,-2.012,2.003,0.008,0.005,19509,19509,19502,19763,
Beta6[17],-0.009,1.074,-1.97,2.065,0.008,0.005,20223,20223,20219,19711,
Beta6[18],-0.019,1.073,-2.122,1.913,0.008,0.005,19994,19787,19994,20137,
Beta6[19],-0.017,1.07,-1.989,1.988,0.008,0.005,20191,19596,20190,19673,
Beta6[20],0.013,1.07,-2.056,1.973,0.008,0.006,18794,18794,18793,19961,
Beta6[21],0.013,1.076,-1.99,2.05,0.008,0.006,19091,19091,19086,18507,
Beta6[22],0.009,1.087,-2.037,2.036,0.008,0.006,19540,19231,19543,19272,
Beta6[23],-0.003,1.071,-1.948,2.051,0.008,0.005,19538,19446,19542,19470,
Beta6[24],-0.001,1.089,-2.007,2.091,0.008,0.006,19654,19167,19641,18935,
Beta6[25],0.013,1.074,-1.968,2.072,0.008,0.006,18994,18994,18999,19743,
Beta6[26],-0.001,1.063,-1.931,2.059,0.007,0.005,20229,19961,20237,19668,
Beta6[27],-0.002,1.081,-2.064,1.967,0.008,0.006,18889,18889,18889,19105,
Beta6[28],0.001,1.088,-1.966,2.136,0.008,0.005,20372,19655,20374,20004,
Beta6[29],0.01,1.094,-2.082,2.009,0.008,0.005,19967,19886,19971,19380,
Beta6[30],0.003,1.072,-2.086,1.957,0.008,0.005,19835,19835,19833,19004,
Beta6[31],-0.021,1.071,-2.006,1.986,0.008,0.005,20035,20003,20037,19247,
Beta6[32],0.008,1.084,-2.033,2.054,0.008,0.006,19907,18907,19906,19428,
Beta6[33],0.005,1.093,-2.077,2.024,0.008,0.006,18982,18982,18995,19409,
Beta6[34],-0.001,1.067,-2.005,1.997,0.007,0.005,20445,20378,20447,19897,
Beta6[35],-0.026,1.087,-2.056,2,0.008,0.005,19857,19857,19853,19581,
Beta6[36],0.008,1.092,-1.954,2.153,0.008,0.006,20240,19551,20254,19315,
Beta6[37],-0.003,1.088,-2.093,1.994,0.008,0.006,19936,19428,19936,19384,
Beta6[38],0.002,1.088,-2.097,2.001,0.008,0.005,19665,19665,19671,19836,
Beta6[39],-0.012,1.075,-2.011,2.024,0.008,0.005,20019,19926,19985,20040,
Beta7[0],0.419,0.391,-0.316,1.146,0.003,0.002,19573,19479,19573,19626,
Beta7[1],1.218,0.627,-0.017,2.356,0.004,0.003,20033,20033,20032,18245,
Beta7[2],0.935,0.592,-0.146,2.084,0.004,0.003,18746,18746,18743,19203,
Beta7[3],-0.041,0.338,-0.683,0.58,0.002,0.002,20129,19949,20131,19129,
Beta7[4],-0.305,0.267,-0.805,0.196,0.002,0.001,19770,19770,19773,19651,
Beta7[5],0.539,0.357,-0.124,1.209,0.003,0.002,19330,19282,19314,19557,
Beta7[6],-0.578,0.324,-1.216,0.001,0.002,0.002,19698,19646,19695,20043,
Beta7[7],-0.024,0.303,-0.586,0.551,0.002,0.002,19586,19586,19559,19632,
Beta7[8],-0.298,0.24,-0.757,0.15,0.002,0.001,20037,20037,20043,19878,
Beta7[9],-0.042,0.245,-0.5,0.421,0.002,0.001,19585,19585,19588,20213,
Beta7[10],0.294,0.271,-0.238,0.781,0.002,0.001,20382,20020,20378,19799,
Beta7[11],0.781,0.371,0.111,1.509,0.003,0.002,19395,19395,19374,19484,
Beta7[12],0.035,0.304,-0.531,0.606,0.002,0.002,20189,19908,20186,19919,
Beta7[13],-0.016,0.294,-0.587,0.523,0.002,0.002,19648,19130,19654,19495,
Beta7[14],0.172,0.31,-0.404,0.762,0.002,0.002,20039,20039,20039,19507,
Beta7[15],0.17,0.365,-0.514,0.846,0.003,0.002,19579,19579,19587,19674,
Beta7[16],0.687,0.342,0.049,1.325,0.002,0.002,20050,20050,20050,18954,
Beta7[17],0.249,0.346,-0.396,0.902,0.003,0.002,17967,17967,17975,18786,
Beta7[18],0.407,0.4,-0.33,1.155,0.003,0.002,19818,19818,19809,19472,
Beta7[19],0.296,0.371,-0.405,0.986,0.003,0.002,19143,18951,19143,19086,
Beta7[20],1.158,0.536,0.172,2.198,0.004,0.003,19687,19687,19687,18760,
Beta7[21],0.261,0.447,-0.559,1.107,0.003,0.002,20224,20186,20220,19312,
Beta7[22],1.016,0.419,0.244,1.815,0.003,0.002,19093,18887,19104,19012,
Beta7[23],-0.089,0.313,-0.684,0.491,0.002,0.002,20337,19310,20336,18699,
Beta7[24],0.561,0.355,-0.098,1.246,0.003,0.002,19938,19815,19941,19510,
Beta7[25],-0.498,0.409,-1.283,0.261,0.003,0.002,19783,19783,19784,19152,
Beta7[26],0.593,0.395,-0.127,1.366,0.003,0.002,20723,20557,20722,19763,
Beta7[27],0.377,0.375,-0.346,1.052,0.003,0.002,20214,19450,20211,19991,
Beta7[28],-0.06,0.395,-0.793,0.691,0.003,0.002,19630,19116,19633,19711,
Beta7[29],0.08,0.353,-0.576,0.745,0.003,0.002,19608,19608,19601,19478,
Beta7[30],-0.154,0.42,-0.945,0.622,0.003,0.002,19191,19191,19217,19360,
Beta7[31],0.699,0.603,-0.432,1.833,0.004,0.003,19983,19921,19980,20086,
Beta7[32],0.296,0.48,-0.606,1.195,0.003,0.002,19870,19536,19869,19082,
Beta7[33],0.298,0.39,-0.434,1.035,0.003,0.002,19973,19746,19976,19958,
Beta7[34],0.637,0.395,-0.122,1.355,0.003,0.002,20017,19998,20016,19971,
Beta7[35],0.664,0.41,-0.096,1.451,0.003,0.002,19681,19628,19682,19962,
Beta7[36],-0.04,0.353,-0.721,0.607,0.002,0.002,20186,19832,20182,19987,
Beta7[37],0.476,0.408,-0.298,1.246,0.003,0.002,19824,19785,19828,19851,
Beta7[38],0.363,0.393,-0.389,1.075,0.003,0.002,19966,19960,19966,19406,
Beta7[39],0.242,0.393,-0.515,0.953,0.003,0.002,19893,18927,19890,19286,
mu,-0.518,0.138,-0.782,-0.266,0.001,0.001,19852,19831,19856,18896,
sigma,0.7,0.095,0.532,0.884,0.001,0,19912,19906,19909,19798,
